﻿[
    {
        "description":  "宇宙中最轻、最丰富的元素。它是恒星的燃料，也是水的组成部分。在炼金术中，它代表着原始的纯净。",
        "name":  "氢 (Hydrogen)",
        "symbol":  "H",
        "sprite":  "res://assets/1H.png"
    },
    {
        "description":  "一种惰性气体，以太阳神赫利俄斯命名。它不愿与其他元素结合，孤独而高傲地漂浮在空中。",
        "name":  "氦 (Helium)",
        "symbol":  "He",
        "sprite":  "res://assets/2He.png"
    },
    {
        "description":  "最轻的金属，能浮在油上。它躁动不安，常被用于电池中储存能量，也用于治疗躁郁的心灵。",
        "name":  "锂 (Lithium)",
        "symbol":  "Li",
        "sprite":  "res://assets/3Li.png"
    },
    {
        "description":  "一种坚硬而轻盈的金属，尝起来有甜味，但却有剧毒。美丽与危险并存的典范。",
        "name":  "铍 (Beryllium)",
        "symbol":  "Be",
        "sprite":  "res://assets/4Be.png"
    },
    {
        "description":  "一种坚硬的黑色半金属。它连接着有机与无机世界，是植物生长的必需品。",
        "name":  "硼 (Boron)",
        "symbol":  "B",
        "sprite":  "res://assets/5B.png"
    },
    {
        "description":  "生命的骨架。它可以是柔软的石墨，也可以是坚硬的钻石。它是万变之源，构成了我们所知的一切生命。",
        "name":  "碳 (Carbon)",
        "symbol":  "C",
        "sprite":  "res://assets/6C.png"
    },
    {
        "description":  "大气的主要成分。它虽然慵懒，但在炸药中却能释放出惊人的怒火。它是生命蛋白质的基础。",
        "name":  "氮 (Nitrogen)",
        "symbol":  "N",
        "sprite":  "res://assets/7N.png"
    },
    {
        "description":  "呼吸的必需品，燃烧的助推剂。它既能维持生命，也能让钢铁生锈腐朽。它是活跃而热情的伴侣。",
        "name":  "氧 (Oxygen)",
        "symbol":  "O",
        "sprite":  "res://assets/8O.png"
    },
    {
        "description":  "最活泼的非金属，几乎能与任何物质发生反应。它是一团淡黄色的暴躁气体，渴望夺取电子。",
        "name":  "氟 (Fluorine)",
        "symbol":  "F",
        "sprite":  "res://assets/9F.png"
    },
    {
        "description":  "霓虹灯的灵魂。当电流通过时，它会发出迷人的红光。它是都市夜生活的象征。",
        "name":  "氖 (Neon)",
        "symbol":  "Ne",
        "sprite":  "res://assets/10Ne.png"
    },
    {
        "description":  "一种软银色金属，遇水即燃。它与氯结合成了海洋的味道，是我们体内神经冲动的信使。",
        "name":  "钠 (Sodium)",
        "symbol":  "Na",
        "sprite":  "res://assets/11Na.png"
    },
    {
        "description":  "燃烧时发出耀眼的白光。它是叶绿素的核心，植物光合作用的心脏。",
        "name":  "镁 (Magnesium)",
        "symbol":  "Mg",
        "sprite":  "res://assets/12Mg.png"
    },
    {
        "description":  "地壳中含量最丰富的金属。轻盈、耐腐蚀，它是现代工业的宠儿，曾经比黄金还贵重。",
        "name":  "铝 (Aluminium)",
        "symbol":  "Al",
        "sprite":  "res://assets/13Al.png"
    },
    {
        "description":  "沙子和岩石的主要成分。它是电子时代的基石，承载着人类的智慧与逻辑。",
        "name":  "硅 (Silicon)",
        "symbol":  "Si",
        "sprite":  "res://assets/14Si.png"
    },
    {
        "description":  "以光之携带者命名。它存在于我们的骨骼和DNA中，也是火柴头上一擦即燃的火花。",
        "name":  "磷 (Phosphorus)",
        "symbol":  "P",
        "sprite":  "res://assets/15P.png"
    },
    {
        "description":  "黄色的晶体，燃烧时有窒息的气味。它是炼金术中的灵魂，象征着燃烧与挥发性。",
        "name":  "硫 (Sulfur)",
        "symbol":  "S",
        "sprite":  "res://assets/16S.png"
    },
    {
        "description":  "黄绿色的有毒气体。它能净化水源，也能在战场上夺人性命。它是消毒剂，也是化学武器。",
        "name":  "氯 (Chlorine)",
        "symbol":  "Cl",
        "sprite":  "res://assets/17Cl.png"
    },
    {
        "description":  "一种懒惰的气体，占据了空气的百分之一。它常被用于保护灯泡中的灯丝，默默守护着光明。",
        "name":  "氩 (Argon)",
        "symbol":  "Ar",
        "sprite":  "res://assets/18Ar.png"
    },
    {
        "description":  "一种活泼的金属，燃烧时有紫色的火焰。它是植物生长的肥料，也是维持心脏跳动的关键。",
        "name":  "钾 (Potassium)",
        "symbol":  "K",
        "sprite":  "res://assets/19K.png"
    },
    {
        "description":  "骨骼和牙齿的基石，大理石和石灰石的成分。它是坚固与稳定的象征。",
        "name":  "钙 (Calcium)",
        "symbol":  "Ca",
        "sprite":  "res://assets/20Ca.png"
    },
    {
        "description":  "一种稀土元素，常用于航空航天合金。它轻盈而强韧，如同北欧神话中的英雄。",
        "name":  "钪 (Scandium)",
        "symbol":  "Sc",
        "sprite":  "res://assets/21Sc.png"
    },
    {
        "description":  "以泰坦巨人命名。它坚硬如钢，却轻如铝。它是未来的金属，耐腐蚀，与人体完美相容。",
        "name":  "钛 (Titanium)",
        "symbol":  "Ti",
        "sprite":  "res://assets/22Ti.png"
    },
    {
        "description":  "以北欧女神凡娜迪丝命名，因为它的化合物色彩斑斓。它能使钢变得坚韧无比。",
        "name":  "钒 (Vanadium)",
        "symbol":  "V",
        "sprite":  "res://assets/23V.png"
    },
    {
        "description":  "名字源于希腊语颜色。它赋予红宝石红色，赋予祖母绿绿色。它也是不锈钢闪亮外衣的来源。",
        "name":  "铬 (Chromium)",
        "symbol":  "Cr",
        "sprite":  "res://assets/24Cr.png"
    },
    {
        "description":  "一种坚硬而脆的金属。它在钢铁中默默奉献，增强强度。它也是紫水晶颜色的秘密。",
        "name":  "锰 (Manganese)",
        "symbol":  "Mn",
        "sprite":  "res://assets/25Mn.png"
    },
    {
        "description":  "文明的脊梁。从血液中的血红蛋白到摩天大楼的钢筋，它无处不在。它是火星红色的来源。",
        "name":  "铁 (Iron)",
        "symbol":  "Fe",
        "sprite":  "res://assets/26Fe.png"
    },
    {
        "description":  "名字源于德语中的地精。它能产生美丽的蓝色颜料，也是维生素B12的核心成分。",
        "name":  "钴 (Cobalt)",
        "symbol":  "Co",
        "sprite":  "res://assets/27Co.png"
    },
    {
        "description":  "名字源于魔鬼铜。它抗腐蚀，常用于硬币和合金。它是陨石的核心成分之一。",
        "name":  "镍 (Nickel)",
        "symbol":  "Ni",
        "sprite":  "res://assets/28Ni.png"
    },
    {
        "description":  "人类最早使用的金属之一。它导电导热，色泽温暖。它是维纳斯的金属，象征着爱与美。",
        "name":  "铜 (Copper)",
        "symbol":  "Cu",
        "sprite":  "res://assets/29Cu.png"
    },
    {
        "description":  "一种蓝白色的金属。它牺牲自己保护钢铁不生锈（镀锌）。它是生命酶的激活剂。",
        "name":  "锌 (Zinc)",
        "symbol":  "Zn",
        "sprite":  "res://assets/30Zn.png"
    },
    {
        "hidden":  true,
        "description":  "月亮的金属。它拥有最好的导电性和反光性。在传说中，它能驱散邪恶。",
        "name":  "银 (Silver)",
        "symbol":  "Ag",
        "sprite":  "res://assets/49Ag.png"
    },
    {
        "hidden":  true,
        "description":  "太阳的金属。它永不腐朽，光芒永恒。它是财富与权力的终极象征，也是炼金术士的终极追求。",
        "name":  "金 (Gold)",
        "symbol":  "Au",
        "sprite":  "res://assets/79Au.png"
    }
]
